alpha,lambda_true,Wi_true,Sr_giesekus,Sr_mean,Sr_lo,Sr_hi,lambda_mean,lambda_lo,lambda_hi,beta_mean,beta_lo,beta_hi,rhat_max
0.01,0.5,0.2,0.199723,0.213069,0.105451,0.414421,0.451395,0.165694,0.704607,0.415294,0.131163,0.564248,1.06438
0.01,1,0.4,0.397805,0.324084,0.163713,0.603015,0.916396,0.774144,1.22874,0.557032,0.1346,0.819556,1.09681
0.01,3,1.2,1.14558,1.06149,0.971416,1.15221,2.83737,2.6683,3.01573,0.531255,0.459835,0.597339,1.01168
0.01,5,2,1.78171,1.6893,1.60378,1.77778,4.53207,4.36877,4.71109,0.533671,0.49154,0.574213,1.01104
0.01,7,2.8,2.29497,2.23726,2.14091,2.33124,6.10581,5.91919,6.30877,0.541702,0.507794,0.575659,1.00839
0.01,9,3.6,2.70171,2.69928,2.59549,2.79394,7.55693,7.32105,7.81909,0.553255,0.52304,0.585014,1.0085
0.01,11,4.4,3.02385,3.06689,3.01567,3.14362,8.81283,8.57558,8.98624,0.564874,0.54207,0.579462,1.00909
0.05,0.5,0.2,0.198678,0.22537,0.0992485,0.400327,0.399801,0.170859,0.657043,0.283726,0.0963231,0.404637,1.12574
0.05,1,0.4,0.38984,0.215465,0.050479,0.500301,0.611806,0.194622,0.848209,0.582372,0.181789,0.824319,1.11124
0.05,3,1.2,1.00078,0.914728,0.735407,1.0963,2.16902,1.97048,2.45578,0.467736,0.304243,0.625972,1.02386
0.05,5,2,1.37391,1.24603,1.10535,1.35921,3.36525,3.1507,3.65602,0.535559,0.460684,0.622135,1.00661
0.05,7,2.8,1.59935,1.48231,1.32941,1.60873,4.34405,4.08608,4.70501,0.572204,0.508408,0.646244,1.00617
0.05,9,3.6,1.74002,1.66526,1.49938,1.79027,5.1772,4.88674,5.58996,0.596905,0.542288,0.664201,1.00854
0.05,11,4.4,1.82983,1.806,1.62961,1.9477,5.86397,5.54228,6.30592,0.614088,0.560937,0.676352,1.01078
0.1,0.5,0.2,0.197506,0.226714,0.121174,0.353783,0.370324,0.211874,0.606289,0.224935,0.0929303,0.370429,1.01926
0.1,1,0.4,0.381434,0.161497,0.0805558,0.301883,0.389218,0.135701,0.611709,0.471786,0.158921,0.579226,1.02494
0.1,3,1.2,0.894727,0.786542,0.460509,1.04808,1.77582,1.51405,2.30521,0.43057,0.134716,0.748956,1.02359
0.1,5,2,1.14834,0.978007,0.766346,1.15916,2.72949,2.41876,3.1612,0.546823,0.402478,0.696403,1.02046
0.1,7,2.8,1.27833,1.14817,0.967776,1.30574,3.43095,3.11336,3.84226,0.578932,0.477869,0.684895,1.00964
0.1,9,3.6,1.34726,1.23048,1.03148,1.40018,4.09277,3.70668,4.68193,0.6214,0.529047,0.723976,1.01261
0.1,11,4.4,1.38314,1.28474,1.10194,1.45211,4.68271,4.24538,5.28668,0.654781,0.573458,0.739234,1.01311
0.2,0.5,0.2,0.195567,0.222687,0.167852,0.284295,0.389502,0.294518,0.49561,0.285025,0.242525,0.325813,1.0099
0.2,1,0.4,0.368547,0.224419,0.154127,0.303733,0.387174,0.268424,0.513844,0.274786,0.0985203,0.332896,1.01527
0.2,3,1.2,0.775334,0.49495,0.213111,0.804566,1.45244,1.13074,2.22176,0.537235,0.121367,0.88175,1.06069
0.2,5,2,0.930678,0.810041,0.504869,1.10051,1.91116,1.6008,2.42576,0.454482,0.14202,0.737901,1.01101
0.2,7,2.8,0.992784,0.860929,0.630102,1.09761,2.50013,2.12295,3.03328,0.560712,0.358601,0.738676,1.01082
0.2,9,3.6,1.01522,0.891049,0.672425,1.08587,3.04426,2.6189,3.80502,0.627809,0.484138,0.777769,1.02108
0.2,11,4.4,1.01868,0.9294,0.734237,1.10386,3.48316,3.04298,4.17791,0.661775,0.549406,0.779326,1.01744
